INSERT INTO Country
(CountryId, "Name", StartDate, EndDate, TypeGoverning)
VALUES
(1, N'Англія', '0982-01-01', NULL, N'Парламентарна монархія'),
(2, N'Нідерланли', '1581-07-26', NULL, N'Конституційна монархія'),
(3, N'Чехія', '1993-01-01', NULL, N'Унітарна конституційна парламентська республіка'),
(4, N'Франція', '1792-09-22', NULL, N'Президентсько-парламентська республіка')


INSERT INTO Leading 
(LeadingId, CountryId, "Name", StartDateReign, EndDateReign)
VALUES
(1, 1, N'Єлизавета І', '1558-11-17', '1603-03-24'),
(2, 1, N'Яків І', '1603-07-25', '1625-03-11'),
(3, 1, N'Карл І', '1625-05-15', '1649-02-21'),
(4, 1, N'Карл ІІ', '1603-04-25', '1685-02-10'),
(5, 2, N'Віллем І', '1815-03-15', '1840-10-07'),
(6, 3, N'Рудольф ІІ', '1575-04-25', '1611-03-20'),
(7, 3, N'Матіаш ІІ', '1611-05-10', '1617-02-14'),
(8, 4, N'Генріх ІІІІ Великий', '1589-06-18', '1610-05-13'),
(9, 4, N'Людовік ХІІ Справедливий', '1610-05-20', '1643-01-11')


INSERT INTO Capital
(CapitalId, CountryId, "Name", StartYear)
VALUES
(1, 1, N'Лондон', 1200),
(2, 2, N'Гаага', 1356),
(3, 2, N'Амстердам', 1814),
(4, 3, N'Прага', 1526),
(5, 4, N'Париж', 0987)


INSERT INTO Reform 
(ReformId, "Name", EventDate)
VALUES
(1, N'Англійська реформація', '1598-04-12'),
(2, N'Виборча реформа', '1832-01-10'),
(3, N'Реформа лютеранства', '1738-06-24'),
(4, N'Французька реформація', '1516-01-11'),
(5, N'Реформа Жан-Батист', '1756-01-11')


INSERT INTO ReformCountry 
(ReformId, CountryId)
VALUES
(1, 1),
(2, 1),
(3, 3),
(4, 4),
(5, 4)


INSERT INTO HistoricalPeriod
(HistoricalPeriodId, "Name", StartDate, EndDate)
VALUES
(1, N'Єлизаветинська епоха', '1558-11-17', '1603-03-24'),
(2, N'Яковіанська епоха', '1603-07-25', '1625-03-11'),
(3, N'Каролінська епоха', '1625-05-15', '1685-02-10'),
(4, N'Протекторат', '1685-03-12', '1690-10-10'),
(5, N'Династія Габсбургів', '1102-12-11', '1780-10-11'),
(6, N'Перша французька республіка', '1792-01-10', '1804-01-05'),
(7, N'Реставрація монархії', '1814-01-10', '1830-01-05')


INSERT INTO HistoricalPeriodCountry 
(HistoricalPeriodId, CountryId)
VALUES
(1, 1),
(2, 1),
(3, 1),
(4, 2),
(4, 3),
(5, 2),
(5, 3),
(5, 4),
(6, 4),
(7, 4)


INSERT INTO Nation
(NationId, "Name", StartDateExistence, EndDateExistence)
VALUES
(1, N'Англійці', '1600-01-01', NULL),
(2, N'Англосакси', '0150-01-01', '1590-10-10'),
(3, N'Валлійці', '1500-11-01', NULL),
(4, N'Голандці', '1581-08-20', NULL),
(5, N'Чехи', '1993-01-01', NULL),
(6, N'Гасконці', '0890-01-01', '1500-01-01'),
(7, N'Пікардці', '1115-01-01', '1400-01-01'),
(8, N'Французи', '1600-01-01', NULL)


INSERT INTO NationCountry 
(NationId, CountryId)
VALUES
(1, 1),
(2, 1),
(3, 1),
(4, 2),
(5, 3),
(5, 4),
(6, 4),
(7, 4),
(8, 4)


INSERT INTO HistoricalEvent 
(HistoricalEventId, "Name", StartDate, EndDate)
VALUES
(1, N'Повстання герцога Монмута', '1685-09-25', '1685-09-29'),
(2, N'Англо-іспанська війна', '1585-08-15', '1604-09-10'),
(3, N'Англо-французька війна', '1627-09-18', '1629-12-03'),
(4, N'Золота доба нідерландів', '1675-01-01', '1785-01-01'),
(5, N'Единбурзький договір', '1560-09-08', '1560-09-08'),
(6, N'Вестфальский мир', '1648-10-24', '1648-10-24'),
(7, N'Парламентська фронда', '1648-09-02', '1649-12-10')


INSERT INTO HistoricalFigure
(HistoricalFigureId, "Name", StartDateActivity, EndDateActivity)
VALUES
(1, N'Джеймс Скотт', '1680-04-18', '1690-02-01'),
(2, N'Медін Сідонья', '1582-01-11', '1611-04-24'),
(3, N'Кардинал Рішельє', '1625-04-15', '1635-05-11'),
(4, N'Вольтер Монтегю', '1625-04-15', '1640-12-14'),
(5, N'Рембрандт ван Рейн', '1675-04-21', '1690-02-21'),
(6, N'Ян Вермер', '1681-06-18', '1690-02-01'),
(7, N'Ян Стен', '1682-04-25', '1690-02-12'),
(8, N'Жан де Монлюк', '1559-04-18', '1570-02-01'),
(9, N'Юган Габріель Оксеншерна', '1648-04-28', '1670-07-11')


INSERT INTO EventFigureCountry 
(HistoricalFigureId, HistoricalEventId, CountryId, StartDate, EndDate)
VALUES
(1, 1, 1,  '1685-09-25', '1685-09-28'),
(2, 2, 1,  '1585-08-15', '1604-09-10'),
(3, 3, 1,  '1627-09-18', '1628-10-11'),
(3, 3, 4,  '1627-09-18', '1629-01-01'),
(4, 1, 2,  '1685-09-25', '1685-09-28'),
(4, 5, 2,  '1685-09-25', '1685-09-28'),
(5, 1, 1,  '1560-09-08', '1560-09-08'),
(9, 6, 3,  '1648-10-24', '1648-10-24'),
(6, 4, 3,  '1675-01-01', '1678-09-28'),
(7, 4, 4,  '1675-01-01', '1680-09-28')
